{"acc":0.8264743827381736,"loss":0.1411027042602973,"_timestamp":1.7781936367009444e+09,"_step":7,"_wandb":{"runtime":2},"_runtime":2}